{"_runtime":778.992400387,"_step":1171,"Averaged test accuracy":58.19112627986348,"_wandb":{"runtime":780},"_timestamp":1.7438572886645417e+09}