{"_wandb":{"runtime":93},"Averaged test accuracy":69.5906432748538,"_timestamp":1.7439339396827312e+09,"_runtime":91.816115412,"_step":170}