{"Averaged test accuracy":59.09090909090909,"_timestamp":1.7439287368670845e+09,"_runtime":46.578059684,"_wandb":{"runtime":47},"_step":65}