{"Averaged test accuracy":58.430832759807295,"_timestamp":1.7439307682849739e+09,"_runtime":1938.615905989,"_step":2905,"_wandb":{"runtime":1938}}