{"_runtime":38.551094212,"_step":51,"Averaged test accuracy":59.61538461538461,"_wandb":{"runtime":39},"_timestamp":1.7438548306444235e+09}