{"_runtime":12.162267132,"_wandb":{"runtime":13},"_step":13,"Averaged test accuracy":78.57142857142857,"_timestamp":1.7438465554333332e+09}