{"_runtime":2926.466393496,"_step":5239,"_wandb":{"runtime":2927},"Averaged test accuracy":70.8969465648855,"_timestamp":1.743933800684882e+09}