{"_wandb":{"runtime":544},"_runtime":544.458495209,"_step":1039,"Averaged test accuracy":69.90384615384616,"_timestamp":1.743849798508805e+09}