{"Averaged test accuracy":59.21198668146504,"_timestamp":1.7439434546322565e+09,"_runtime":1203.397462396,"_step":1801,"_wandb":{"runtime":1203}}