{"_timestamp":1.7435009229175065e+09,"_wandb":{"runtime":37},"_runtime":36.918465585999996,"_step":48,"Averaged test accuracy":59.183673469387756}