{"_wandb":{"runtime":44},"Averaged test accuracy":58.18181818181818,"_timestamp":1.7435008184345253e+09,"_runtime":41.761037397,"_step":54}