{"_runtime":16.65109036,"_step":19,"Averaged test accuracy":70,"_wandb":{"runtime":17},"_timestamp":1.7438316300279477e+09}